bucket,avg_rating,median_rating,book_count
0-199,3.921438923395445,3.96,2898
200-399,3.891510579937304,3.92,5104
400-599,3.9721170731707316,3.99,2050
600+,4.093088372093023,4.12,1075
